키워드,군집,분류
빅데이터,빅데이터,기술
데이터,빅데이터,기술
인공지능,인공지능,기술
딥러닝,인공지능,기술
머신러닝,인공지능,기술
기계학습,인공지능,기술
사물인터넷,사물인터넷,기술
자율주행,자율주행,기술
주율주행차,자율주행,기술
블록체인,블록체인,기술
가상화폐,블록체인,기술
암호화폐,블록체인,기술
클라우드,클라우드,기술
로봇,로봇,기술
드론,드론,기술
가상현실,VR/AR/MR,기술
증강현실,VR/AR/MR,기술
혼합현실,VR/AR/MR,기술
의료,의료,분야
병원,의료,분야
치료,의료,분야
환자,의료,분야
건강,의료,분야
수술,의료,분야
의사,의료,분야
질환,의료,분야
사망,의료,분야
증상,의료,분야
진료,의료,분야
미세먼지,환경,분야
환경,환경,분야
자전거,이동수단,분야
차량,이동수단,분야
자동차,이동수단,분야
에너지,에너지,분야
전력,에너지,분야
태양광,에너지,분야
광화문_광장,광화문광장 집회,분야
광화문,광화문광장 집회,분야
정치,광화문광장 집회,분야
후보,광화문광장 집회,분야
집회,광화문광장 집회,분야
개혁,광화문광장 집회,분야
반대,광화문광장 집회,분야
운동,광화문광장 집회,분야
주택,주택 및 부동산,분야
건물,주택 및 부동산,분야
아파트,주택 및 부동산,분야
부동산,주택 및 부동산,분야
재개발,주택 및 부동산,분야
재건축,주택 및 부동산,분야
건축,주택 및 부동산,분야
택시,택시 업계,분야
택시기사,택시 업계,분야
승객,택시 업계,분야
택시_업계,택시 업계,분야
승차_거부,택시 업계,분야
교육,교육,분야
학교,교육,분야
대학,교육,분야
교사,교육,분야
수업,교육,분야
청소년,교육,분야
도서관,문화,분야
공연,문화,분야
문화,문화,분야
예술,문화,분야
음악,문화,분야
교회,종교,분야
한국_교회,종교,분야
목사,종교,분야
기독교,종교,분야
예배,종교,분야
한강,도시 인프라,분야
도로,도시 인프라,분야
지하철,도시 인프라,분야
버스,도시 인프라,분야
터널,도시 인프라,분야
공원,공공시설,분야
전시,공공시설,분야
역사,공공시설,분야
박물관,공공시설,분야
관광,공공시설,분야
청년,청년 및 일자리,분야
청년_수당,청년 및 일자리,분야
일자리,청년 및 일자리,분야
취업,청년 및 일자리,분야
소득,청년 및 일자리,분야
병원,의료,분야
환자,의료,분야
의료,의료,분야
치료,의료,분야
사망,의료,분야
증상,의료,분야
건강,의료,분야
진료,의료,분야
스포츠,스포츠,분야
선수,스포츠,분야
팬,스포츠,분야
감독,스포츠,분야
경기장,스포츠,분야
경기장,스포츠,분야
구단,스포츠,분야
리그,스포츠,분야
노동자,근로자 및 임금,분야
노조,근로자 및 임금,분야
생활임금,근로자 및 임금,분야
근로자,근로자 및 임금,분야
고용,근로자 및 임금,분야
채용,근로자 및 임금,분야
최저임금,근로자 및 임금,분야
경찰,범죄 및 수사,분야
검찰,범죄 및 수사,분야
범죄,범죄 및 수사,분야
테러,범죄 및 수사,분야
수사,범죄 및 수사,분야
변호사,범죄 및 수사,분야
재판,범죄 및 수사,분야
의혹,범죄 및 수사,분야
징계,범죄 및 수사,분야
처벌,범죄 및 수사,분야
